Name,Title,Phone Number,Email ID
Emily Lopez,UPDATED ADMIN,+16107125016,emilylopez548@yopmail.com
Sophia Miller,UPDATED ADMIN 001,+19522053319,sophiamiller517@yopmail.com
James Garcia,UPDATED ADMIN 007,+16491722394,jamesgarcia605@yopmail.com
Charlotte Thomas,name,+14071317543,charlottethomas718@yopmail.com
Isabella Anderson,Admin R,+15906157644,isabellaanderson690@yopmail.com
Liam Gonzalez,Test Admin,+16918748530,liamgonzalez445@yopmail.com
Benjamin Thomas,Mr,+15453525437,benjaminthomas203@yopmail.com
Lucas Jones,UPDATED ADMIN,+16216151490,lucasjones538@yopmail.com
Elijah Thomas,UPDATED ADMIN 001,+15866155508,elijahthomas461@yopmail.com
Sophia Garcia,UPDATED ADMIN 007,+13364216090,sophiagarcia284@yopmail.com
Isabella Thomas,name,+19510154531,isabellathomas496@yopmail.com
Lucas Gonzalez,Admin R,+13581455938,lucasgonzalez923@yopmail.com
Benjamin Gonzalez,Test Admin,+13373152007,benjamingonzalez254@yopmail.com
Olivia Johnson,Mr,+19868923911,oliviajohnson763@yopmail.com
Logan Rodriguez,UPDATED ADMIN,+18679457098,loganrodriguez177@yopmail.com
Amelia Jones,UPDATED ADMIN 001,+14274041944,ameliajones342@yopmail.com
Benjamin Davis,UPDATED ADMIN 007,+14590753461,benjamindavis157@yopmail.com
Elijah Taylor,name,+15169876901,elijahtaylor405@yopmail.com
Amelia Lopez,Admin R,+17825315642,amelialopez988@yopmail.com
Sophia Martinez,Test Admin,+17582693588,sophiamartinez336@yopmail.com
Liam Lopez,Mr,+15244841062,liamlopez620@yopmail.com
Oliver Hernandez,UPDATED ADMIN,+12634352270,oliverhernandez850@yopmail.com
Noah Williams,UPDATED ADMIN 001,+14733764101,noahwilliams114@yopmail.com
Ava Brown,UPDATED ADMIN 007,+17977924571,avabrown187@yopmail.com
Elijah Wilson,name,+18242375646,elijahwilson693@yopmail.com
Isabella Wilson,Admin R,+12045416554,isabellawilson293@yopmail.com
Emily Lopez,Test Admin,+12745926246,emilylopez499@yopmail.com
Logan Brown,Mr,+15467253709,loganbrown599@yopmail.com
Ava Miller,UPDATED ADMIN,+15238075649,avamiller632@yopmail.com
Emily Brown,UPDATED ADMIN 001,+19122649951,emilybrown842@yopmail.com
